stock_code,release_date,document_name
1777.HK,25/08/2023,"2022 Environmental, Social and Governance Report"
1777.HK,25/08/2023,"2021 Environmental, Social and Governance Report"
0759.HK,24/08/2023,2022/2023 ANNUAL REPORT
3830.HK,23/08/2023,Annual Report 2023
1495.HK,21/08/2023,SUPPLEMENTAL ANNOUNCEMENT IN RELATION TOTHE ANNUAL REPORTFOR THE YEAR ENDED 31 DECEMBER 2022
1220.HK,17/08/2023,"ENVIRONMENTAL, SOCIAL AND GOVERNANCE REPORT 2022/23"
3333.HK,16/08/2023,"Environmental, Social and Governance Report 2022"
3333.HK,16/08/2023,"Environmental, Social and Governance Report 2021"
2205.HK,11/08/2023,"Environmental, Social and Governance Report 2022"
0708.HK,11/08/2023,"Environmental, Social and Governance Report 2022"
0708.HK,11/08/2023,"Environmental, Social and Governance Report 2021"
0493.HK,11/08/2023,"Environmental, Social and Governance Report 2022"
1778.HK,10/08/2023,"2022 Environmental, Social and Governance Report"
1778.HK,10/08/2023,"2021 Environmental, Social and Governance Report"
1909.HK,09/08/2023,2022 ANNUAL REPORT
1909.HK,09/08/2023,2021 ANNUAL REPORT
3789.HK,01/08/2023,"(REVISED) 2023 ENVIRONMENTAL, SOCIAL AND GOVERNANCE REPORT"
0973.HK,01/08/2023,"FY2023 Environmental, Social and Governance Report"
8321.HK,01/08/2023,"2023 ENVIRONMENTAL, SOCIAL AND GOVERNANCE REPORT"
0841.HK,31/07/2023,"Environmental, Social and Governance Report 2023"
8118.HK,31/07/2023,ANNUAL REPORT 2023
1660.HK,31/07/2023,"Environmental, Social and Governance Report 2023"
1580.HK,31/07/2023,"Environment, Social and Governance Report 2022/23"
0294.HK,31/07/2023,"2022/2023 ENVIRONMENTAL, SOCIAL AND GOVERNANCE REPORT"
0279.HK,31/07/2023,ANNUAL REPORT 2022/23
2436.HK,31/07/2023,"2022 Environmental, Social and Governance Report"
1894.HK,31/07/2023,Annual Report 2023
0442.HK,31/07/2023,2023 Annual Report
0907.HK,31/07/2023,Annual Report 2022/2023
0328.HK,31/07/2023,"Environmental, Social and Governance Report 2023"
0485.HK,31/07/2023,Annual Report 2023
0464.HK,31/07/2023,"Environmental, Social and Governance Report 2023"
1703.HK,31/07/2023,Annual Report 2023
0353.HK,31/07/2023,"2022/23 Environmental, Social and Governance Report"
0673.HK,31/07/2023,ANNUAL REPORT 2023
8021.HK,30/07/2023,"Environmental, Social and Governance Report 2022/2023"
0204.HK,30/07/2023,ANNUAL REPORT 2023
0959.HK,28/07/2023,"Environmental, Social and Governance Report 2023"
1657.HK,28/07/2023,ANNUAL REPORT 2023
0399.HK,28/07/2023,"Environmental, Social And Governance Report 2022-23"
1050.HK,28/07/2023,2022/23 Sustainability Report
1260.HK,28/07/2023,ANNUAL REPORT 2023
8366.HK,28/07/2023,Annual Report 2023
0164.HK,28/07/2023,"Environmental, Social and Governance Report 2023"
1466.HK,28/07/2023,"Environmental, Social and Governance Report 2023"
1827.HK,28/07/2023,ANNUAL REPORT 2022/23
1142.HK,28/07/2023,"Environmental, Social and Governance Report 2023"
2708.HK,28/07/2023,ANNUAL REPORT FOR THE YEAR ENDED 31 MARCH 2023
1647.HK,28/07/2023,Annual Report 2023
0745.HK,28/07/2023,Annual Report 2023
